resultId,raceId,driverId,constructorId,number,grid,position,positionText,positionOrder,points,laps,time,milliseconds,fastestLap,fastestLapTime,statusId,rank
1,1061,830,9,33,2,1,1,1,3,17,0:25:38,1538426,14,0:01:30,1,\N
2,1061,1,131,44,1,2,2,2,2,17,10:19:12,1539856,17,0:01:30,1,\N
3,1061,822,131,77,3,3,3,3,1,17,12:02:53,1545928,17,0:01:30,1,\N
4,1061,844,6,16,4,4,4,4,0,17,6:40:19,1549704,16,0:01:30,1,\N
5,1061,846,1,4,6,5,5,5,0,17,2:39:50,1562537,16,0:01:31,1,\N
6,1061,817,1,3,7,6,6,6,0,17,23:00:58,1569385,17,0:01:31,1,\N
7,1061,4,214,14,11,7,7,7,0,17,12:38:53,1581953,17,0:01:32,1,\N
8,1061,20,117,5,10,8,8,8,0,17,10:32:10,1582865,17,0:01:32,1,\N
9,1061,847,3,63,8,9,9,9,0,17,15:38:53,1585078,17,0:01:32,1,\N
10,1061,839,214,31,13,10,10,10,0,17,9:28:48,1585821,16,0:01:32,1,\N
11,1061,832,6,55,9,11,11,11,0,17,19:09:07,1586224,10,0:01:32,1,\N
12,1061,842,213,10,12,12,12,12,0,17,18:18:43,1587189,17,0:01:32,1,\N
13,1061,8,51,7,17,13,13,13,0,17,16:14:53,1589103,12,0:01:32,1,\N
14,1061,840,117,18,15,14,14,14,0,17,4:17:46,1590605,12,0:01:32,1,\N
15,1061,841,51,99,14,15,15,15,0,17,5:24:00,1591651,14,0:01:32,1,\N
16,1061,852,213,22,16,16,16,16,0,17,13:36:29,1591993,14,0:01:32,1,\N
17,1061,849,3,6,18,17,17,17,0,17,3:53:17,1593588,17,0:01:32,1,\N
18,1061,854,210,47,19,18,18,18,0,17,+1:08.213,1606639,15,0:01:33,1,\N
19,1061,853,210,9,20,19,19,19,0,17,+1:17.648,1616074,3,0:01:33,1,\N
20,1061,815,9,11,5,\N,R,20,0,16,\N,\N,6,0:01:31,76,\N
21,1065,822,131,77,1,1,1,1,3,18,0:27:54,1674078,9,0:01:24,1,\N
22,1065,830,9,33,3,2,2,2,2,18,7:48:00,1676403,9,0:01:24,1,\N
23,1065,817,1,3,5,3,3,3,1,18,12:48:58,1688612,17,0:01:24,1,\N
24,1065,846,1,4,4,4,4,4,0,18,20:02:24,1692913,9,0:01:25,1,\N
25,1065,1,131,44,2,5,5,5,0,18,0:15:50,1694089,9,0:01:24,1,\N
26,1065,844,6,16,8,6,6,6,0,18,10:36:29,1697520,18,0:01:25,1,\N
27,1065,832,6,55,7,7,7,7,0,18,22:50:53,1702030,8,0:01:25,1,\N
28,1065,841,51,99,10,8,8,8,0,18,2:08:10,1705167,10,0:01:25,1,\N
29,1065,815,9,11,9,9,9,9,0,18,16:19:12,1705758,12,0:01:24,1,\N
30,1065,840,117,18,12,10,10,10,0,18,16:06:14,1712749,8,0:01:25,1,\N
31,1065,4,214,14,13,11,11,11,0,18,19:04:48,1713873,8,0:01:25,1,\N
32,1065,20,117,5,11,12,12,12,0,18,4:14:53,1715255,8,0:01:25,1,\N
33,1065,839,214,31,14,13,13,13,0,18,8:57:07,1717451,8,0:01:26,1,\N
34,1065,849,3,6,16,14,14,14,0,18,23:26:53,1720055,9,0:01:26,1,\N
35,1065,847,3,63,15,15,15,15,0,18,19:42:14,1720899,15,0:01:26,1,\N
36,1065,852,213,22,17,16,16,16,0,18,23:26:53,1724055,18,0:01:26,1,\N
37,1065,853,210,9,20,17,17,17,0,18,+1:02.599,1736677,7,0:01:27,1,\N
38,1065,9,51,88,19,18,18,18,0,18,+1:05.096,1739174,12,0:01:27,1,\N
39,1065,854,210,47,18,19,19,19,0,18,+1:06.154,1740232,7,0:01:27,1,\N
40,1065,842,213,10,6,\N,R,20,0,0,\N,\N,\N,\N,3,\N
41,1071,822,131,77,2,1,1,1,3,24,0:29:10,1749559,8,0:01:12,1,\N
42,1071,830,9,33,1,2,2,2,2,24,4:04:48,1750729,9,0:01:12,1,\N
43,1071,832,6,55,5,3,3,3,1,24,17:21:07,1768282,13,0:01:13,1,\N
44,1071,815,9,11,3,4,4,4,0,24,18:53:17,1769346,13,0:01:13,1,\N
45,1071,1,131,44,20,5,5,5,0,24,20:55:41,1770431,5,0:01:12,1,\N
46,1071,846,1,4,7,6,6,6,0,24,13:23:31,1772117,8,0:01:13,1,\N
47,1071,844,6,16,6,7,7,7,0,24,1:20:38,1774615,4,0:01:13,1,\N
48,1071,842,213,10,4,8,8,8,0,24,3:47:31,1783717,4,0:01:13,1,\N
49,1071,839,214,31,10,9,9,9,0,24,15:10:05,1784191,11,0:01:14,1,\N
50,1071,20,117,5,11,10,10,10,0,24,20:48:29,1784426,5,0:01:14,1,\N
51,1071,817,1,3,8,11,11,11,0,24,20:51:22,1785428,9,0:01:13,1,\N
52,1071,4,214,14,9,12,12,12,0,24,13:52:19,1786137,4,0:01:13,1,\N
53,1071,841,51,99,14,13,13,13,0,24,21:07:12,1791439,11,0:01:14,1,\N
54,1071,840,117,18,15,14,14,14,0,24,0:53:17,1793596,9,0:01:14,1,\N
55,1071,852,213,22,12,15,15,15,0,24,3:36:00,1795709,11,0:01:14,1,\N
56,1071,849,3,6,16,16,16,16,0,24,18:14:24,1796319,7,0:01:14,1,\N
57,1071,847,3,63,17,17,17,17,0,24,17:44:10,1797298,14,0:01:14,1,\N
58,1071,8,51,7,13,18,18,18,0,24,0:20:10,1799573,9,0:01:14,1,\N
59,1071,854,210,47,18,19,19,19,0,24,+1:01.680,1811239,9,0:01:14,1,\N
60,1071,853,210,9,19,20,20,20,0,24,+1:07.474,1817033,6,0:01:15,1,\N
61,1077,830,9,1,1,1,1,1,8,21,0:30:40,1839567,14,0:01:19,1,\N
62,1077,844,6,16,2,2,2,2,7,21,23:24:00,1842542,11,0:01:19,1,\N
63,1077,815,9,11,7,3,3,3,6,21,17:18:14,1844288,14,0:01:19,1,\N
64,1077,832,6,55,10,4,4,4,5,21,13:52:19,1857145,14,0:01:19,1,\N
65,1077,846,1,4,3,5,5,5,4,21,13:27:50,1864128,9,0:01:20,1,\N
66,1077,817,1,3,6,6,6,6,3,21,17:45:36,1867307,12,0:01:20,1,\N
67,1077,822,51,77,8,7,7,7,2,21,3:11:31,1867700,9,0:01:20,1,\N
68,1077,825,210,20,4,8,8,8,1,21,17:05:17,1870279,6,0:01:21,1,\N
69,1077,4,214,14,5,9,9,9,0,21,6:40:19,1871845,10,0:01:21,1,\N
70,1077,854,210,47,12,10,10,10,0,21,18:33:07,1873340,15,0:01:21,1,\N
71,1077,847,131,63,11,11,11,11,0,21,6:48:58,1875851,19,0:01:21,1,\N
72,1077,852,213,22,16,12,12,12,0,21,7:09:07,1877865,20,0:01:21,1,\N
73,1077,20,117,5,9,13,13,13,0,21,4:14:53,1879744,8,0:01:21,1,\N
74,1077,1,131,44,13,14,14,14,0,21,11:00:58,1881026,9,0:01:21,1,\N
75,1077,840,117,18,15,15,15,15,0,21,21:50:24,1882477,14,0:01:21,1,\N
76,1077,839,214,31,19,16,16,16,0,21,12:24:29,1883084,14,0:01:21,1,\N
77,1077,842,213,10,17,17,17,17,0,21,19:03:22,1883361,18,0:01:21,1,\N
78,1077,848,3,23,20,18,18,18,0,21,20:54:14,1888438,14,0:01:21,1,\N
79,1077,849,3,6,18,19,19,19,0,21,0:24:29,1891584,16,0:01:21,1,\N
80,1077,855,51,24,0,\N,R,20,0,0,\N,\N,\N,\N,31,\N
81,1084,830,9,1,1,1,1,1,8,23,0:26:30,1590059,5,0:01:08,1,\N
82,1084,844,6,16,2,2,2,2,7,23,16:12:00,1591734,4,0:01:08,1,\N
83,1084,832,6,55,3,3,3,3,6,23,15:27:22,1595703,4,0:01:08,1,\N
84,1084,847,131,63,4,4,4,4,5,23,10:17:46,1603488,4,0:01:09,1,\N
85,1084,815,9,11,13,5,5,5,4,23,7:14:53,1608361,14,0:01:09,1,\N
86,1084,839,214,31,5,6,6,6,3,23,0:46:05,1621091,4,0:01:09,1,\N
87,1084,825,210,20,6,7,7,7,2,23,12:56:10,1624598,4,0:01:09,1,\N
88,1084,1,131,44,9,8,8,8,1,23,10:43:41,1625506,7,0:01:10,1,\N
89,1084,854,210,47,7,9,9,9,0,23,3:54:43,1627222,4,0:01:09,1,\N
90,1084,822,51,77,12,10,10,10,0,23,13:22:05,1627616,4,0:01:10,1,\N
91,1084,846,1,4,15,11,11,11,0,23,13:55:12,1628639,8,0:01:10,1,\N
92,1084,817,1,3,16,12,12,12,0,23,17:42:43,1629797,8,0:01:10,1,\N
93,1084,840,117,18,17,13,13,13,0,23,5:47:02,1638300,4,0:01:10,1,\N
94,1084,855,51,24,18,14,14,14,0,23,18:04:19,1640812,11,0:01:10,1,\N
95,1084,842,213,10,10,15,15,15,0,23,3:00:00,1642184,4,0:01:10,1,\N
96,1084,848,3,23,11,16,16,16,0,23,9:53:17,1642471,5,0:01:10,1,\N
97,1084,852,213,22,14,17,17,17,0,23,13:20:38,1644615,4,0:01:10,1,\N
98,1084,849,3,6,19,18,18,18,0,23,+1:08.694,1658753,4,0:01:10,1,\N
99,1084,20,117,5,20,19,19,19,0,21,\N,\N,4,0:01:10,130,\N
100,1084,4,214,14,8,\N,N,20,0,0,\N,\N,\N,\N,10,\N
101,1095,847,131,63,3,1,1,1,8,24,0:30:11,1811307,4,0:01:14,1,\N
102,1095,832,6,55,5,2,2,2,7,24,23:52:48,1815302,2,0:01:15,1,\N
103,1095,1,131,44,8,3,3,3,6,24,11:48:29,1815799,3,0:01:14,1,\N
104,1095,830,9,1,2,4,4,4,5,24,11:51:22,1821801,5,0:01:15,1,\N
105,1095,815,9,11,9,5,5,5,4,24,20:31:12,1823162,5,0:01:15,1,\N
106,1095,844,6,16,10,6,6,6,3,24,3:11:31,1824440,4,0:01:15,1,\N
107,1095,846,1,4,4,7,7,7,2,24,14:58:34,1836931,4,0:01:15,1,\N
108,1095,825,210,20,1,8,8,8,1,24,18:25:55,1840075,2,0:01:15,1,\N
109,1095,20,117,5,13,9,9,9,0,24,5:13:55,1841525,4,0:01:15,1,\N
110,1095,842,213,10,12,10,10,10,0,24,4:04:48,1845477,3,0:01:15,1,\N
111,1095,817,1,3,14,11,11,11,0,24,9:28:48,1850702,5,0:01:15,1,\N
112,1095,854,210,47,20,12,12,12,0,24,3:48:58,1852466,5,0:01:16,1,\N
113,1095,855,51,24,17,13,13,13,0,24,18:18:43,1853070,7,0:01:16,1,\N
114,1095,822,51,77,18,14,14,14,0,24,8:06:43,1853645,8,0:01:16,1,\N
115,1095,852,213,22,19,15,15,15,0,24,7:20:38,1861613,4,0:01:16,1,\N
116,1095,840,117,18,15,16,16,16,0,24,16:48:00,1862007,4,0:01:15,1,\N
117,1095,839,214,31,6,17,17,17,0,24,18:08:38,1863063,5,0:01:16,1,\N
118,1095,4,214,14,7,18,18,18,0,24,23:38:24,1865292,5,0:01:15,1,\N
119,1095,849,3,6,16,19,19,19,0,24,+1:16.850,1888157,4,0:01:17,1,\N
120,1095,848,3,23,11,\N,R,20,0,12,\N,\N,4,0:01:16,31,\N
121,1101,815,9,11,2,1,1,1,8,17,0:33:18,1997667,11,0:01:44,1,\N
122,1101,844,6,16,1,2,2,2,7,17,11:06:43,2002130,12,0:01:44,1,\N
123,1101,830,9,1,3,3,3,3,6,17,1:33:36,2002732,10,0:01:44,1,\N
124,1101,847,131,63,4,4,4,4,5,17,11:12:29,2001134,10,0:01:44,1,\N
125,1101,832,6,55,5,5,5,5,4,17,9:18:43,2008055,11,0:01:44,1,\N
126,1101,4,117,14,8,6,6,6,3,17,14:42:43,2009280,12,0:01:45,1,\N
127,1101,1,131,44,6,7,7,7,2,17,21:21:36,2002557,8,0:01:45,1,\N
128,1101,840,117,18,9,8,8,8,1,17,10:00:29,2016084,14,0:01:45,1,\N
129,1101,848,3,23,7,9,9,9,0,17,18:10:05,2019424,10,0:01:45,1,\N
130,1101,857,1,81,11,10,10,10,0,17,20:25:26,2020518,8,0:01:45,1,\N
131,1101,825,210,20,13,11,11,11,0,17,23:45:36,2025657,14,0:01:45,1,\N
132,1101,855,51,24,14,12,12,12,0,17,14:26:53,2032269,16,0:01:46,1,\N
133,1101,842,214,10,17,13,13,13,0,17,22:01:55,2034585,12,0:01:46,1,\N
134,1101,856,213,21,18,14,14,14,0,17,15:01:26,2039293,17,0:01:46,1,\N
135,1101,807,210,27,12,15,15,15,0,17,14:05:17,2046254,8,0:01:46,1,\N
136,1101,822,51,77,15,16,16,16,0,17,22:00:29,2047584,9,0:01:46,1,\N
137,1101,846,1,4,10,17,17,17,0,17,2:29:46,2048771,15,0:01:44,1,\N
138,1101,839,214,31,0,18,18,18,0,17,+1:00.621,2058288,15,0:01:45,1,\N
139,1101,852,213,22,16,\N,R,19,0,2,\N,\N,\N,\N,130,\N
140,1101,858,3,2,0,\N,W,20,0,0,\N,\N,\N,\N,3,\N
141,1107,830,9,1,1,1,1,1,8,24,0:30:27,1826730,19,0:01:14,1,\N
142,1107,815,9,11,2,2,2,2,7,24,1:09:07,1847778,16,0:01:15,1,\N
143,1107,832,6,55,5,3,3,3,6,24,2:06:43,1849818,16,0:01:15,1,\N
144,1107,840,117,18,7,4,4,4,5,24,16:52:19,1856433,23,0:01:16,1,\N
145,1107,4,117,14,6,5,5,5,4,24,2:36:58,1856839,18,0:01:15,1,\N
146,1107,807,210,27,4,6,6,6,3,24,7:07:41,1858027,24,0:01:10,1,\N
147,1107,839,214,31,8,7,7,7,2,24,14:26:53,1863332,22,0:01:16,1,\N
148,1107,847,131,63,15,8,8,8,1,24,14:39:50,1863341,23,0:01:10,1,\N
149,1107,846,1,4,3,9,9,9,0,24,14:35:31,1865338,19,0:01:16,1,\N
150,1107,1,131,44,18,10,10,10,0,24,9:00:00,1873105,24,0:01:11,1,\N
151,1107,857,1,81,17,11,11,11,0,24,19:22:05,1876537,24,0:01:10,1,\N
152,1107,844,6,16,9,12,12,12,0,24,18:56:10,1877519,24,0:01:11,1,\N
153,1107,848,3,23,11,13,13,13,0,24,20:21:07,1879578,24,0:01:12,1,\N
154,1107,825,210,20,10,14,14,14,0,24,14:13:55,1883323,23,0:01:11,1,\N
155,1107,842,214,10,12,15,15,15,0,24,15:38:53,1884382,22,0:01:16,1,\N
156,1107,852,213,22,13,16,16,16,0,24,+1:04.822,1891552,23,0:01:11,1,\N
157,1107,856,213,21,14,17,17,17,0,24,+1:05.617,1892347,22,0:01:12,1,\N
158,1107,858,3,2,20,18,18,18,0,24,+1:06.059,1892789,21,0:01:12,1,\N
159,1107,855,51,24,16,19,19,19,0,24,+1:10.825,1897555,22,0:01:11,1,\N
160,1107,822,51,77,0,20,20,20,0,24,+1:16.435,1903165,22,0:01:17,1,\N
161,1110,830,9,1,1,1,1,1,8,11,0:24:58,1498433,6,0:01:59,1,\N
162,1110,857,1,81,2,2,2,2,7,11,16:14:53,1505110,2,0:02:00,1,\N
163,1110,842,214,10,6,3,3,3,6,11,17:35:31,1509166,6,0:02:02,1,\N
164,1110,832,6,55,3,4,4,4,5,11,15:33:07,1511081,7,0:02:01,1,\N
165,1110,844,6,16,4,5,5,5,4,11,0:23:02,1513449,7,0:02:03,1,\N
166,1110,846,1,4,5,6,6,6,3,11,1:14:53,1514485,8,0:02:02,1,\N
167,1110,1,131,44,7,7,7,7,2,11,18:10:05,1515190,7,0:02:01,1,\N
168,1110,847,131,63,10,8,8,8,1,11,19:43:41,1515255,10,0:02:02,1,\N
169,1110,839,214,31,9,9,9,9,0,11,9:50:24,1520843,6,0:02:03,1,\N
170,1110,817,213,3,11,10,10,10,0,11,19:20:38,1521239,8,0:02:03,1,\N
171,1110,840,117,18,14,11,11,11,0,11,0:10:05,1523440,6,0:02:03,1,\N
172,1110,848,3,23,12,12,12,12,0,11,7:16:19,1524736,6,0:02:04,1,\N
173,1110,822,51,77,17,13,13,13,0,11,0:08:38,1525439,6,0:02:04,1,\N
174,1110,825,210,20,18,14,14,14,0,11,23:39:50,1531419,6,0:02:04,1,\N
175,1110,855,51,24,19,15,15,15,0,11,8:12:29,1534775,6,0:02:05,1,\N
176,1110,858,3,2,13,16,16,16,0,11,13:42:14,1536004,6,0:02:03,1,\N
177,1110,807,210,27,20,17,17,17,0,11,19:50:53,1536260,6,0:02:03,1,\N
178,1110,852,213,22,16,18,18,18,0,11,6:24:29,1537700,7,0:02:02,1,\N
179,1110,815,9,11,8,\N,R,19,0,8,\N,\N,2,0:02:03,130,\N
180,1110,4,117,14,15,\N,R,20,0,2,\N,\N,\N,\N,3,\N
181,1115,857,1,81,1,1,1,1,8,19,0:35:01,2101297,17,0:01:26,1,\N
182,1115,830,9,1,3,2,2,2,7,19,20:54:14,2103168,17,0:01:26,1,\N
183,1115,846,1,4,2,3,3,3,6,19,11:55:41,2109794,19,0:01:26,1,\N
184,1115,847,131,63,4,4,4,4,5,19,0:51:50,2112333,18,0:01:27,1,\N
185,1115,1,131,44,12,5,5,5,4,19,7:32:10,2118611,19,0:01:28,1,\N
186,1115,832,6,55,5,6,6,6,3,19,19:20:38,2120103,7,0:01:29,1,\N
187,1115,848,3,23,17,7,7,7,2,19,20:44:10,2121161,16,0:01:29,1,\N
188,1115,4,117,14,9,8,8,8,1,19,4:19:12,2122477,16,0:01:29,1,\N
189,1115,842,214,10,11,9,9,9,0,19,17:48:29,2123039,16,0:01:29,1,\N
190,1115,822,51,77,13,10,10,10,0,19,4:59:31,2123505,17,0:01:29,1,\N
191,1115,852,213,22,18,11,11,11,0,19,20:42:43,2124160,17,0:01:29,1,\N
192,1115,844,6,16,6,12,12,12,0,19,20:38:24,2126157,8,0:01:29,1,\N
193,1115,840,117,18,16,13,13,13,0,19,12:33:07,2125820,17,0:01:30,1,\N
194,1115,825,210,20,19,14,14,14,0,19,23:16:48,2126267,17,0:01:30,1,\N
195,1115,855,51,24,15,15,15,15,0,19,20:49:55,2128165,17,0:01:30,1,\N
196,1115,807,210,27,7,\N,R,16,0,11,\N,\N,9,0:01:29,31,\N
197,1115,839,214,31,10,\N,R,17,0,10,\N,\N,8,0:01:29,31,\N
198,1115,815,9,11,8,\N,R,18,0,10,\N,\N,9,0:01:29,31,\N
199,1115,858,3,2,20,\N,R,19,0,2,\N,\N,2,0:02:04,31,\N
200,1115,859,213,40,14,\N,R,20,0,0,\N,\N,\N,\N,31,\N
201,1116,830,9,1,1,1,1,1,8,19,0:31:31,1890849,2,0:01:39,1,\N
202,1116,1,131,44,3,2,2,2,7,19,11:09:36,1900314,3,0:01:39,1,\N
203,1116,844,6,16,2,3,3,3,6,19,23:41:17,1908836,3,0:01:40,1,\N
204,1116,846,1,4,4,4,4,4,5,19,20:42:43,1909712,15,0:01:40,1,\N
205,1116,815,9,11,7,5,5,5,4,19,22:16:19,1913777,6,0:01:40,1,\N
206,1116,832,6,55,6,6,6,6,3,19,7:22:05,1919156,5,0:01:40,1,\N
207,1116,842,214,10,9,7,7,7,2,19,9:40:19,1923252,5,0:01:40,1,\N
208,1116,847,131,63,11,8,8,8,1,19,6:00:00,1925099,10,0:01:40,1,\N
209,1116,848,3,23,8,9,9,9,0,19,13:36:29,1925416,17,0:01:40,1,\N
210,1116,857,1,81,5,10,10,10,0,19,9:40:19,1933252,16,0:01:41,1,\N
211,1116,839,214,31,13,11,11,11,0,19,23:39:50,1935835,15,0:01:41,1,\N
212,1116,817,213,3,10,12,12,12,0,19,12:12:58,1936358,14,0:01:40,1,\N
213,1116,4,117,14,12,13,13,13,0,19,2:03:50,1939935,16,0:01:41,1,\N
214,1116,852,213,22,19,14,14,14,0,19,17:35:31,1940582,17,0:01:41,1,\N
215,1116,807,210,27,16,15,15,15,0,19,15:36:00,1947499,18,0:01:41,1,\N
216,1116,822,51,77,18,16,16,16,0,19,+1:04.401,1955250,18,0:01:42,1,\N
217,1116,855,51,24,15,17,17,17,0,19,+1:07.972,1958821,18,0:01:42,1,\N
218,1116,825,210,20,17,18,18,18,0,19,+1:11.122,1961971,3,0:01:42,1,\N
219,1116,858,3,2,20,19,19,19,0,19,+1:11.449,1962298,6,0:01:42,1,\N
220,1116,840,117,18,14,\N,R,20,0,16,\N,\N,5,0:01:41,23,\N
221,1118,830,9,1,2,1,1,1,8,24,0:30:07,1807209,3,0:01:15,1,\N
222,1118,846,1,4,1,2,2,2,7,24,6:53:17,1811496,3,0:01:15,1,\N
223,1118,815,9,11,3,3,3,3,6,24,14:48:29,1820826,2,0:01:15,1,\N
224,1118,847,131,63,4,4,4,4,5,24,21:05:46,1833088,2,0:01:14,1,\N
225,1118,844,6,16,7,5,5,5,4,24,13:26:24,1835769,3,0:01:15,1,\N
226,1118,852,213,22,6,6,6,6,3,24,5:02:24,1836419,2,0:01:16,1,\N
227,1118,1,131,44,5,7,7,7,2,24,17:25:26,1841935,2,0:01:15,1,\N
228,1118,832,6,55,9,8,8,8,1,24,2:32:38,1842315,3,0:01:15,1,\N
229,1118,817,213,3,8,9,9,9,0,24,7:16:19,1842512,2,0:01:15,1,\N
230,1118,857,1,81,10,10,10,10,0,24,5:15:22,1845428,2,0:01:15,1,\N
231,1118,4,117,14,15,11,11,11,0,24,1:27:50,1846270,4,0:01:15,1,\N
232,1118,840,117,18,17,12,12,12,0,24,11:28:19,1846687,3,0:01:15,1,\N
233,1118,842,214,10,13,13,13,13,0,24,14:54:14,1847830,3,0:01:15,1,\N
234,1118,839,214,31,16,14,14,14,0,24,20:21:07,1850057,3,0:01:16,1,\N
235,1118,848,3,23,19,15,15,15,0,24,9:27:22,1850603,3,0:01:16,1,\N
236,1118,825,210,20,11,16,16,16,0,24,12:10:05,1863716,3,0:01:15,1,\N
237,1118,855,51,24,18,17,17,17,0,24,17:21:07,1865932,3,0:01:16,1,\N
238,1118,807,210,27,12,18,18,18,0,24,+1:00.330,1867539,3,0:01:15,1,\N
239,1118,822,51,77,14,19,19,19,0,24,+1:00.749,1867958,3,0:01:16,1,\N
240,1118,858,3,2,20,20,20,20,0,24,+1:00.945,1868154,4,0:01:15,1,\N
241,1125,830,9,1,4,1,1,1,8,19,0:32:05,1924660,3,0:01:40,1,\N
242,1125,1,131,44,2,2,2,2,7,19,1:01:55,1937703,3,0:01:40,1,\N
243,1125,815,9,11,6,3,3,3,6,19,6:11:31,1939918,4,0:01:41,1,\N
244,1125,844,6,16,7,4,4,4,5,19,11:39:50,1942146,4,0:01:41,1,\N
245,1125,832,6,55,5,5,5,5,4,19,16:42:14,1945356,4,0:01:41,1,\N
246,1125,846,1,4,1,6,6,6,3,19,2:06:43,1946748,4,0:01:41,1,\N
247,1125,857,1,81,8,7,7,7,2,19,17:06:43,1949373,3,0:01:41,1,\N
248,1125,847,131,63,11,8,8,8,1,19,16:42:14,1950356,5,0:01:42,1,\N
249,1125,855,15,24,10,9,9,9,0,19,22:49:26,1956611,4,0:01:42,1,\N
250,1125,825,210,20,12,10,10,10,0,19,9:33:07,1962058,5,0:01:42,1,\N
251,1125,817,215,3,14,11,11,11,0,19,20:09:36,1962500,6,0:01:42,1,\N
252,1125,822,15,77,9,12,12,12,0,19,7:04:48,1962955,6,0:01:42,1,\N
253,1125,839,214,31,17,13,13,13,0,19,20:11:02,1964501,4,0:01:42,1,\N
254,1125,840,117,18,15,14,14,14,0,19,7:10:34,1964959,5,0:01:42,1,\N
255,1125,842,214,10,16,15,15,15,0,19,20:06:43,1965498,4,0:01:42,1,\N
256,1125,852,215,22,19,16,16,16,0,19,20:52:48,1966530,4,0:01:42,1,\N
257,1125,848,3,23,18,17,17,17,0,19,23:57:07,1967658,8,0:01:42,1,\N
258,1125,858,3,2,20,18,18,18,0,19,8:26:53,1971012,7,0:01:43,1,\N
259,1125,807,210,27,13,19,19,19,0,19,15:07:12,1974290,5,0:01:42,1,\N
260,1125,4,117,14,3,20,20,20,0,17,\N,\N,3,0:01:41,31,\N
261,1126,830,9,1,1,1,1,1,8,19,0:31:31,1891383,4,0:01:30,1,\N
262,1126,844,6,16,2,2,2,2,7,19,8:54:14,1894754,4,0:01:31,1,\N
263,1126,815,9,11,3,3,3,3,6,19,2:16:48,1896478,19,0:01:31,1,\N
264,1126,817,215,3,4,4,4,4,5,19,23:18:14,1906354,4,0:01:32,1,\N
265,1126,832,6,55,5,5,5,5,4,19,5:19:41,1906605,17,0:01:32,1,\N
266,1126,857,1,81,6,6,6,6,3,19,18:00:00,1907133,19,0:01:31,1,\N
267,1126,807,210,27,10,7,7,7,2,19,1:17:46,1913437,8,0:01:32,1,\N
268,1126,852,215,22,15,8,8,8,1,19,19:35:02,1921199,16,0:01:32,1,\N
269,1126,842,214,10,16,9,9,9,0,19,21:07:12,1923263,6,0:01:32,1,\N
270,1126,858,3,2,18,10,10,10,0,19,8:31:12,1925738,6,0:01:32,1,\N
271,1126,855,15,24,17,11,11,11,0,19,1:52:19,1926461,7,0:01:32,1,\N
272,1126,847,131,63,11,12,12,12,0,19,18:07:12,1927138,8,0:01:32,1,\N
273,1126,848,3,23,20,13,13,13,0,19,2:03:50,1927469,6,0:01:32,1,\N
274,1126,822,15,77,19,14,14,14,0,19,21:24:29,1928275,7,0:01:32,1,\N
275,1126,839,214,31,13,15,15,15,0,19,17:45:36,1929123,19,0:01:32,1,\N
276,1126,1,131,44,12,16,16,16,0,19,8:19:41,1940730,16,0:01:32,1,\N
277,1126,4,117,14,8,17,17,17,0,19,9:48:58,1950792,7,0:01:32,1,\N
278,1126,825,210,20,14,18,18,18,0,19,+1:06.303,1957686,5,0:01:32,1,\N
279,1126,840,117,18,7,19,19,19,0,1,\N,\N,\N,\N,31,\N
280,1126,846,1,4,9,20,20,20,0,0,\N,\N,\N,\N,31,\N
281,1131,830,9,1,1,1,1,1,8,23,0:26:41,1601389,8,0:01:09,1,\N
282,1131,857,1,81,3,2,2,2,7,23,14:47:02,1606005,2,0:01:09,1,\N
283,1131,846,1,4,2,3,3,3,6,23,8:21:07,1606737,2,0:01:09,1,\N
284,1131,847,131,63,4,4,4,4,5,23,8:29:46,1609743,4,0:01:09,1,\N
285,1131,832,6,55,5,5,5,5,4,23,23:44:10,1611378,4,0:01:09,1,\N
286,1131,1,131,44,6,6,6,6,3,23,4:58:05,1612596,5,0:01:09,1,\N
287,1131,844,6,16,10,7,7,7,2,23,10:10:34,1614813,5,0:01:09,1,\N
288,1131,815,9,11,7,8,8,8,1,23,9:48:58,1618798,4,0:01:09,1,\N
289,1131,825,210,20,11,9,9,9,0,23,1:36:29,1625456,13,0:01:10,1,\N
290,1131,840,117,18,12,10,10,10,0,23,4:12:00,1631564,11,0:01:10,1,\N
291,1131,839,214,31,8,11,11,11,0,23,20:08:10,1632228,9,0:01:10,1,\N
292,1131,842,214,10,9,12,12,12,0,23,7:23:31,1632697,10,0:01:10,1,\N
293,1131,852,215,22,14,13,13,13,0,23,10:50:53,1636841,5,0:01:10,1,\N
294,1131,817,215,3,16,14,14,14,0,23,9:31:41,1640786,5,0:01:10,1,\N
295,1131,4,117,14,13,15,15,15,0,23,3:43:12,1644544,5,0:01:10,1,\N
296,1131,858,3,2,15,16,16,16,0,23,1:49:26,1645465,6,0:01:10,1,\N
297,1131,848,3,23,0,17,17,17,0,23,16:09:07,1646062,8,0:01:11,1,\N
298,1131,822,15,77,18,18,18,18,0,23,12:15:50,1647900,8,0:01:11,1,\N
299,1131,807,210,27,17,19,19,19,0,23,10:09:07,1649812,4,0:01:11,1,\N
300,1131,855,15,24,19,20,20,20,0,23,3:25:55,1654532,6,0:01:11,1,\N
301,1139,830,9,1,1,1,1,1,8,19,0:31:06,1866146,19,0:01:37,1,\N
302,1139,832,6,55,5,2,2,2,7,19,21:10:05,1870028,19,0:01:38,1,\N
303,1139,846,1,4,4,3,3,3,6,19,5:45:36,1872386,17,0:01:38,1,\N
304,1139,844,6,16,3,4,4,4,5,19,22:56:38,1873102,11,0:01:38,1,\N
305,1139,847,131,63,2,5,5,5,4,19,18:23:02,1881912,4,0:01:38,1,\N
306,1139,1,131,44,7,6,6,6,3,19,17:22:34,1884870,17,0:01:38,1,\N
307,1139,825,210,20,8,7,7,7,2,19,3:51:50,1891307,6,0:01:39,1,\N
308,1139,807,210,27,6,8,8,8,1,19,14:06:43,1892734,16,0:01:39,1,\N
309,1139,815,9,11,11,9,9,9,0,19,22:48:00,1896096,19,0:01:38,1,\N
310,1139,857,1,81,16,10,10,10,0,19,1:24:58,1903205,19,0:01:38,1,\N
311,1139,852,215,22,9,11,11,11,0,19,8:42:43,1904509,19,0:01:39,1,\N
312,1139,861,3,43,10,12,12,12,0,19,11:02:24,1905606,19,0:01:39,1,\N
313,1139,840,117,18,13,13,13,13,0,19,5:39:50,1907382,19,0:01:40,1,\N
314,1139,842,214,10,12,14,14,14,0,19,23:52:48,1908141,19,0:01:39,1,\N
315,1139,839,214,31,17,15,15,15,0,19,19:17:46,1908950,7,0:01:39,1,\N
316,1139,859,215,30,15,16,16,16,0,19,0:11:31,1910154,7,0:01:39,1,\N
317,1139,848,3,23,0,17,17,17,0,19,13:32:10,1910710,17,0:01:39,1,\N
318,1139,4,117,14,14,18,18,18,0,19,19:22:05,1912953,18,0:01:39,1,\N
319,1139,855,15,24,19,19,19,19,0,19,20:12:29,1918988,17,0:01:40,1,\N
320,1139,822,15,77,18,20,20,20,0,19,11:25:26,1920622,16,0:01:40,1,\N
321,1141,846,1,4,2,1,1,1,8,24,0:29:46,1786045,15,0:01:12,1,\N
322,1141,857,1,81,1,2,2,2,7,24,14:13:55,1786638,17,0:01:12,1,\N
323,1141,844,6,16,3,3,3,3,6,24,15:44:38,1791701,3,0:01:12,1,\N
324,1141,830,9,1,4,4,4,4,5,24,11:55:41,1792542,18,0:01:12,1,\N
325,1141,832,6,55,5,5,5,5,4,24,5:22:34,1793269,17,0:01:12,1,\N
326,1141,847,131,63,6,6,6,6,3,24,11:24:00,1798520,12,0:01:12,1,\N
327,1141,842,214,10,7,7,7,7,2,24,3:51:50,1804206,19,0:01:12,1,\N
328,1141,815,9,11,13,8,8,8,1,24,17:12:29,1804762,24,0:01:12,1,\N
329,1141,859,215,30,8,9,9,9,0,24,18:33:07,1806818,18,0:01:13,1,\N
330,1141,848,3,23,9,10,10,10,0,24,14:32:38,1810651,24,0:01:12,1,\N
331,1141,1,131,44,11,11,11,11,0,24,18:20:10,1815809,21,0:01:13,1,\N
332,1141,861,3,43,14,12,12,12,0,24,5:35:31,1819278,15,0:01:13,1,\N
333,1141,839,214,31,16,13,13,13,0,24,3:04:19,1820173,16,0:01:13,1,\N
334,1141,860,210,50,10,14,14,14,0,24,12:10:05,1821552,4,0:01:13,1,\N
335,1141,852,215,22,17,15,15,15,0,24,8:58:34,1827419,14,0:01:13,1,\N
336,1141,822,15,77,15,16,16,16,0,24,5:32:38,1829276,24,0:01:13,1,\N
337,1141,855,15,24,0,17,17,17,0,24,3:20:10,1840184,3,0:01:14,1,\N
338,1141,4,117,14,0,18,18,18,0,24,12:53:17,1842582,16,0:01:13,1,\N
339,1141,840,117,18,0,19,19,19,0,24,23:35:31,1844028,3,0:01:14,1,\N
340,1141,807,210,27,12,20,20,20,0,19,\N,\N,16,0:01:13,43,\N
341,1143,857,1,81,3,1,1,1,8,19,0:27:03,1623010,17,0:01:24,1,\N
342,1143,846,1,4,1,2,2,2,7,19,3:15:50,1623146,13,0:01:24,1,\N
343,1143,847,131,63,2,3,3,3,6,19,9:50:24,1623420,18,0:01:24,1,\N
344,1143,832,6,55,4,4,4,4,5,19,7:49:26,1624336,16,0:01:24,1,\N
345,1143,844,6,16,5,5,5,5,4,19,1:45:07,1628083,18,0:01:24,1,\N
346,1143,1,131,44,7,6,6,6,3,19,15:36:00,1628660,18,0:01:24,1,\N
347,1143,807,210,27,9,7,7,7,2,19,12:11:31,1631518,18,0:01:24,1,\N
348,1143,830,9,1,6,8,8,8,1,19,8:49:55,1633378,18,0:01:25,1,\N
349,1143,842,214,10,8,9,9,9,0,19,12:18:43,1637523,19,0:01:25,1,\N
350,1143,825,210,20,15,10,10,10,0,19,11:38:24,1638495,18,0:01:25,1,\N
351,1143,4,117,14,11,11,11,11,0,19,4:53:46,1642214,19,0:01:24,1,\N
352,1143,822,15,77,13,12,12,12,0,19,8:25:26,1646361,12,0:01:25,1,\N
353,1143,840,117,18,14,13,13,13,0,19,10:06:14,1647431,18,0:01:25,1,\N
354,1143,839,214,31,17,14,14,14,0,19,9:05:46,1653389,19,0:01:26,1,\N
355,1143,848,3,23,12,15,15,15,0,19,1:29:17,1656072,18,0:01:25,1,\N
356,1143,859,215,30,10,16,16,16,0,19,8:32:38,1657366,18,0:01:26,1,\N
357,1143,852,215,22,16,17,17,17,0,19,2:26:53,1658112,17,0:01:26,1,\N
358,1143,861,3,43,0,18,18,18,0,19,15:20:10,1658649,18,0:01:26,1,\N
359,1143,855,15,24,18,19,19,19,0,19,+1:11.436,1694446,19,0:01:25,1,\N
360,1143,815,9,11,0,20,20,20,0,19,+1:14.371,1697381,18,0:01:25,1,\N
361,1146,1,6,44,1,1,1,1,8,19,0:30:40,1839965,2,0:01:35,1,1
362,1146,857,1,81,3,2,2,2,7,19,21:20:10,1846854,7,0:01:36,1,4
363,1146,830,9,1,2,3,3,3,6,19,19:17:46,1849769,2,0:01:36,1,2
364,1146,847,131,63,5,4,4,4,5,19,14:12:29,1851557,4,0:01:36,1,5
365,1146,844,6,16,4,5,5,5,4,19,4:33:36,1852155,4,0:01:36,1,6
366,1146,852,215,22,8,6,6,6,3,19,6:54:43,1862253,4,0:01:36,1,8
367,1146,863,131,12,7,7,7,7,2,19,0:54:43,1863003,5,0:01:36,1,7
368,1146,846,1,4,6,8,8,8,1,19,11:18:14,1863436,4,0:01:37,1,11
369,1146,840,117,18,10,9,9,9,0,19,21:59:02,1864881,4,0:01:36,1,9
370,1146,4,117,14,11,10,10,10,0,19,5:13:55,1878183,8,0:01:37,1,12
371,1146,848,3,23,9,11,11,11,0,19,7:00:29,1879257,7,0:01:37,1,15
372,1146,842,214,10,17,12,12,12,0,19,15:34:34,1879614,3,0:01:37,1,17
373,1146,865,215,6,15,13,13,13,0,19,9:36:00,1882365,3,0:01:38,1,18
374,1146,859,9,30,19,14,14,14,0,19,21:41:46,1884869,4,0:01:37,1,14
375,1146,860,210,87,12,15,15,15,0,19,15:34:34,1885614,3,0:01:37,1,13
376,1146,839,210,31,18,16,16,16,0,19,4:22:05,1886147,3,0:01:38,1,19
377,1146,832,3,55,13,17,17,17,0,19,9:01:26,1891341,13,0:01:36,1,3
378,1146,864,15,5,14,18,18,18,0,19,22:33:36,1893905,3,0:01:37,1,16
379,1146,807,15,27,20,19,19,19,0,19,16:22:05,1896647,4,0:01:37,1,10
380,1146,862,214,7,16,20,20,20,0,19,+1:10.212,1910177,3,0:01:38,1,20
381,1150,846,1,4,3,1,1,1,8,18,0:36:38,2197647,4,0:01:40,1,5
382,1150,857,1,81,2,2,2,2,7,18,16:07:41,2198319,7,0:01:40,1,4
383,1150,1,6,44,7,3,3,3,6,18,1:45:07,2198720,13,0:01:36,1,1
384,1150,847,131,63,5,4,4,4,5,18,3:02:53,2200774,6,0:01:41,1,7
385,1150,840,117,18,16,5,5,5,4,18,9:53:17,2201059,13,0:01:37,1,2
386,1150,852,9,22,20,6,6,6,3,18,3:40:19,2202800,13,0:01:38,1,3
387,1150,863,131,12,1,7,7,7,2,18,15:14:24,2203282,6,0:01:41,1,8
388,1150,842,214,10,13,8,8,8,1,18,23:21:07,2203620,7,0:01:43,1,16
389,1150,807,15,27,11,9,9,9,0,18,3:40:19,2203800,5,0:01:43,1,17
390,1150,865,215,6,9,10,10,10,0,18,12:02:53,2205149,6,0:01:42,1,13
391,1150,848,3,23,8,11,11,11,0,18,12:31:41,2205169,7,0:01:42,1,9
392,1150,839,210,31,12,12,12,12,0,18,23:57:07,2206645,6,0:01:43,1,14
393,1150,859,215,30,14,13,13,13,0,18,0:34:34,2206671,7,0:01:42,1,11
394,1150,860,210,87,19,14,14,14,0,18,5:13:55,2206865,5,0:01:42,1,12
395,1150,864,15,5,18,15,15,15,0,18,16:12:00,2207322,6,0:01:43,1,18
396,1150,862,214,7,17,16,16,16,0,18,21:48:58,2207556,7,0:01:43,1,19
397,1150,830,9,1,4,17,17,17,0,18,1:24:58,2209706,5,0:01:41,1,6
398,1150,4,117,14,10,18,R,18,0,13,\N,\N,7,0:01:42,31,10
399,1150,832,3,55,15,19,R,19,0,12,\N,\N,5,0:01:43,31,15
400,1150,844,6,16,6,20,R,20,0,0,\N,\N,\N,\N,31,\N
